{
    "loss": 1.0792038440704346,
    "accuracy": 0.818965494632721
}